<?xml version='1.0' encoding='UTF-8'?>
<widget xmlns="http://www.w3.org/ns/widgets" xmlns:intelxdk="http://xdk.intel.com/ns/v1" id="xdk.intel.cordova.template.lite" version="0.0.0.1">
<!--This file is generated by the Intel XDK. Do not edit this file as your edits will be lost.           -->
<!--To change the contents of this file, see the documentation on the intelxdk.config.additions.xml file.-->
<intelxdk:version value="1.1"/>
<intelxdk:cordova-cli version="6.2.0"/>
<name>LecturerAppointment</name>
<description>Universal init code for Intel XDK and Cordova device ready detection, as well as within browser.</description>
<author>Intel XDK</author>
<content src="index.html"/>
<access origin="*"/>
<allow-intent href="http://*/*"/>
<allow-intent href="https://*/*"/>
<allow-intent href="tel:*"/>
<allow-intent href="sms:*"/>
<allow-intent href="mailto:*"/>
<allow-intent href="geo:*"/>
<intelxdk:plugin intelxdk:name="StatusBar" intelxdk:value="cordova-plugin-statusbar" intelxdk:version="2.1.3" intelxdk:checksum="c0146fbc" intelxdk:type="file"/>
<intelxdk:plugin intelxdk:name="Device" intelxdk:value="cordova-plugin-device" intelxdk:version="1.1.2" intelxdk:checksum="2373ccea" intelxdk:type="file"/>
<intelxdk:plugin intelxdk:name="Camera" intelxdk:value="cordova-plugin-camera" intelxdk:version="2.3.0" intelxdk:checksum="42288131" intelxdk:type="file">
<intelxdk:param intelxdk:name="CAMERA_USAGE_DESCRIPTION" intelxdk:value=" "/>
<intelxdk:param intelxdk:name="PHOTOLIBRARY_USAGE_DESCRIPTION" intelxdk:value=" "/></intelxdk:plugin>
<intelxdk:plugin intelxdk:name="Compat" intelxdk:value="cordova-plugin-compat" intelxdk:version="1.0.0" intelxdk:checksum="61c62eb" intelxdk:type="file"/>
<intelxdk:plugin intelxdk:name="Application Events" intelxdk:value="cordova-plugin-app-event" intelxdk:version="1.2.0" intelxdk:checksum="5f6ce43e" intelxdk:type="file"/>
<intelxdk:plugin intelxdk:name="LocalNotification" intelxdk:value="de.appplant.cordova.plugin.local-notification" intelxdk:version="0.8.4" intelxdk:checksum="404b8189" intelxdk:type="file"/>
<preference name="windows-publisher-display-name"/>
<!--creationInfo:{"src":"jsapp/template-blank-cordova-project-lite/sample.zip","projectTypeName":"com.intel.xdk.projecttype.jsapp"}-->
<preference name="debuggable" value="false"/>
<platform name="ios">
    <!-- below requires the splash screen plugin -->
    <!-- docs: https://github.com/apache/cordova-plugin-splashscreen -->
    <preference name="AutoHideSplashScreen" value="true"/>
    <preference name="FadeSplashScreen" value="false"/>
    <preference name="FadeSplashScreenDuration" value="2"/>
    <preference name="ShowSplashScreenSpinner" value="false"/>

    <!-- below requires the status bar plugin -->
    <!-- docs: https://github.com/apache/cordova-plugin-statusbar -->
    <!-- see http://devgirl.org/2014/07/31/phonegap-developers-guid -->
    <preference name="StatusBarOverlaysWebView" value="false"/>
    <preference name="StatusBarBackgroundColor" value="#000000"/>
    <preference name="StatusBarStyle" value="lightcontent"/>
</platform>
<platform name="android">
    <!-- below requires the splash screen plugin -->
    <!-- docs: https://github.com/apache/cordova-plugin-splashscreen -->
    <preference name="SplashMaintainAspectRatio" value="false"/>
</platform>
<intelxdk:crosswalk xmlns:intelxdk="http://xdk.intel.com/ns/v1" xwalk-command-line="--disable-pull-to-refresh-effect"/>
<intelxdk:crosswalk xmlns:intelxdk="http://xdk.intel.com/ns/v1" xwalk-command-line="--ignore-gpu-blacklist"/></widget>